file,bytes,rows,sha256,official_sha256,checksum_ok
hl_funding_BTC_0000.json,44817,500,aff6213fba21d02999686abd7f69f427f67233fe856359876c1ff98815db7999,,
hl_funding_BTC_0001.json,44831,500,e790c98a361e55a9ddc34e80de7155dc452bd41b6fe18534b040fec78fd81f38,,
hl_funding_BTC_0002.json,45260,500,cd1d3b7a7e3aa726564b43470cd8edb697624351884eda3da58d5bdddd02313f,,
hl_funding_BTC_0003.json,45601,500,d43aec647cd6f4840c05c70c937ef5a9ae5a88e298ab4ab737abdd4cf894a667,,
hl_funding_BTC_0004.json,45383,500,3b68e1c115438fad7c38678abb26c3b80e5aa88fc9c4375ace9a6f3a2cf83784,,
hl_funding_BTC_0005.json,44089,500,7203964adcf1ea9756b0e3399043f920a050fd9e4ba61778c13ae6e828309879,,
hl_funding_BTC_0006.json,44293,500,f5f7eab5a2d67fc6b48a79cff16448eb9dcb158f34b71ae3067a0010f17ed472,,
hl_funding_BTC_0007.json,44602,500,a59bda4e94962252943903fba77afd258d7bc4e1f3df5cf7be6b84e17882ddc9,,
hl_funding_BTC_0008.json,44090,500,c3ee56e988849e0f83d352431e663f4bc7436c3ed79544ef75a5fc7a705c3eef,,
hl_funding_BTC_0009.json,44549,500,c4f94aac350d8cf933c5306abe603ea40a65c0d1d6d72479311297cafa6751ed,,
hl_funding_BTC_0010.json,44574,500,ea631c490a8468918c545182ed398073533ec0ad36e7b94f2acd79de6700ecfe,,
hl_funding_BTC_0011.json,44447,500,556d1dcc06ff6739cb96fde42124bc28301ef0af63840b5f34e891000163d144,,
hl_funding_BTC_0012.json,44346,500,5e344bfd031b33a93f15e3d60a54948b2150dca19d1009891d996c0cd54f147c,,
hl_funding_BTC_0013.json,44718,500,1ddf246642ce9e4bc77651ba061bdd493b016de240ae4368a426514c53aa1d2b,,
hl_funding_BTC_0014.json,44437,500,3eec40792fed45de0650138892761a72508512dfb516bbd1dd13732267df2881,,
hl_funding_BTC_0015.json,44195,500,ce8ff432851e2a9191b3ad445c487d4699525ec838d64c5f6d947040b9f47739,,
hl_funding_BTC_0016.json,43982,500,99f5a16c04b1817e7a31953a30a0eb681b9e3f9d1ab8aa6263e619e64c07488b,,
hl_funding_BTC_0017.json,44266,500,53ef0669aae66733dd7bf500dbde123713911e1ccc510ff2c141c603b2c39e1c,,
hl_funding_BTC_0018.json,43962,500,731a08826d600d9c65520992af6d35681754f7e09b7235056f721a6476a8d4f1,,
hl_funding_BTC_0019.json,44196,500,62a6a1e9d7c89126898296dc8a16d9908a1f18b6dda20cfdefe66df9d3d913bb,,
hl_funding_BTC_0020.json,43964,500,955f8ac5b8bc35e4fbb44198db226ff2d800c5b84f3b9d4944c33054427c7878,,
hl_funding_BTC_0021.json,44132,500,d47c1aee480652757323bd5951f4a17dacc18c6fec54895d6c838d8eaeafc417,,
hl_funding_BTC_0022.json,44153,500,f49c4169a3d62aef72424c72bb8253652c41055e36163ab8c5f8fb2f0102f507,,
hl_funding_BTC_0023.json,10898,123,c18e9c8676b992826af03ae715d66a7ac37125ade699dd6934433c9c4d7d3af3,,
hl_funding_BTC_0024.json,2,0,4f53cda18c2baa0c0354bb5f9a3ecbe5ed12ab4d8e11ba873c2f11161202b945,,
BTCUSDT-fundingRate-2023-05.zip,983,93,5d026fece46df86293054c8c56c2c8de575d30161b82979b11831831217a246e,5d026fece46df86293054c8c56c2c8de575d30161b82979b11831831217a246e,True
BTCUSDT-fundingRate-2023-06.zip,845,90,3ffdde6f1dc9c3c065d77ae43f3ba64d19d4cb76512d4bc1d541933d4fb2e6f7,3ffdde6f1dc9c3c065d77ae43f3ba64d19d4cb76512d4bc1d541933d4fb2e6f7,True
BTCUSDT-fundingRate-2023-07.zip,861,93,0304baed9fd407293a8a8040b30a1b68bd344803b630d33530375b421733a930,0304baed9fd407293a8a8040b30a1b68bd344803b630d33530375b421733a930,True
BTCUSDT-fundingRate-2023-08.zip,846,93,516a8f50631c6ede6a9642f6d1590b6a22c33ba09935501d2ace8dc1396501fd,516a8f50631c6ede6a9642f6d1590b6a22c33ba09935501d2ace8dc1396501fd,True
BTCUSDT-fundingRate-2023-09.zip,914,90,3fd9df6fd1eef33cf5fe625c27012359bc6d64a68c109305d7b44a0354f533c2,3fd9df6fd1eef33cf5fe625c27012359bc6d64a68c109305d7b44a0354f533c2,True
BTCUSDT-fundingRate-2023-10.zip,865,93,03105cc140150bffca834bcccbddc6cfee245e079d2df1759653243bd6e92448,03105cc140150bffca834bcccbddc6cfee245e079d2df1759653243bd6e92448,True
BTCUSDT-fundingRate-2023-11.zip,696,90,8015d2997f8d5e757ff3707ee87800ca30a74da0129daa747b64117f07bcc186,8015d2997f8d5e757ff3707ee87800ca30a74da0129daa747b64117f07bcc186,True
BTCUSDT-fundingRate-2023-12.zip,810,93,8f02fdd2a2da261bbf13ab301c74bdb57fae005f19d5088e9ece5f8824c1a2a7,8f02fdd2a2da261bbf13ab301c74bdb57fae005f19d5088e9ece5f8824c1a2a7,True
BTCUSDT-fundingRate-2024-01.zip,696,93,3e0d30870672aa8f0f937881056e3cfd55913ae5c780cd50b33f2763aa0ba58e,3e0d30870672aa8f0f937881056e3cfd55913ae5c780cd50b33f2763aa0ba58e,True
BTCUSDT-fundingRate-2024-02.zip,776,87,daf1e4901e3d6436d82ad60f90d007eb5300be8047cfef121007203a7212cde6,daf1e4901e3d6436d82ad60f90d007eb5300be8047cfef121007203a7212cde6,True
BTCUSDT-fundingRate-2024-03.zip,939,93,711dcaf2a341aedfd06447b4117b540f60adb0784c5e64a313c718e4cf092bc3,711dcaf2a341aedfd06447b4117b540f60adb0784c5e64a313c718e4cf092bc3,True
BTCUSDT-fundingRate-2024-04.zip,842,90,6d220b8e2815362a11d294d35dbca28568370d8295351937eceec10f2b359b85,6d220b8e2815362a11d294d35dbca28568370d8295351937eceec10f2b359b85,True
BTCUSDT-fundingRate-2024-05.zip,830,93,aef8c5fdce1493fd570b5829a72f2f17c7e459483390f25544d16c2a30be592e,aef8c5fdce1493fd570b5829a72f2f17c7e459483390f25544d16c2a30be592e,True
BTCUSDT-fundingRate-2024-06.zip,721,90,43fc4473820d1fb4fe340d1b1951a87555f6841aa352e684fa95d6adffce04c6,43fc4473820d1fb4fe340d1b1951a87555f6841aa352e684fa95d6adffce04c6,True
BTCUSDT-fundingRate-2024-07.zip,847,93,acab0593c1452660ce74a6c239fb215c1192b0a9c6e8c1689e6495de40a0174b,acab0593c1452660ce74a6c239fb215c1192b0a9c6e8c1689e6495de40a0174b,True
BTCUSDT-fundingRate-2024-08.zip,904,93,7003d29a43dd5f9357f838da8766834954939e22c1d80af682d9f33984f67b71,7003d29a43dd5f9357f838da8766834954939e22c1d80af682d9f33984f67b71,True
BTCUSDT-fundingRate-2024-09.zip,924,90,6ef23b02392b481ef9c3855434bf3644289fb6e228b4f7d9a0dfc6d3cdff1116,6ef23b02392b481ef9c3855434bf3644289fb6e228b4f7d9a0dfc6d3cdff1116,True
bn_funding_rest_BTCUSDT_S1.json,127,1,2198eedc9bf0929bb9c0e8e7f98f5b7ae6bdbcb5b82acee542dee8d9c8de1107,,
BTCUSDT-1h-2023-05.zip,38198,744,2f278ad3ea09cc42e577ad7185de74391a1eb09b9d9836d375e2c540aef1667f,2f278ad3ea09cc42e577ad7185de74391a1eb09b9d9836d375e2c540aef1667f,True
BTCUSDT-1h-2023-06.zip,37120,720,19bd435cdf58b426642c24a0df3b5fa755433f52a8c39f05dc5cfdeffa453aa0,19bd435cdf58b426642c24a0df3b5fa755433f52a8c39f05dc5cfdeffa453aa0,True
BTCUSDT-1h-2023-07.zip,37558,744,ae9ebc03dff2bdeb805a1401b5cf1256b2b84283f5f9d92b1f454f33b223f499,ae9ebc03dff2bdeb805a1401b5cf1256b2b84283f5f9d92b1f454f33b223f499,True
BTCUSDT-1h-2023-08.zip,37282,744,599daa607ff593666036fe742d8272de6e0e9d284cd7d41d6585cf53baa20ca2,599daa607ff593666036fe742d8272de6e0e9d284cd7d41d6585cf53baa20ca2,True
BTCUSDT-1h-2023-09.zip,35974,720,7849f82af86aabcb9a79f64d0527480f22117656a68f98280fe8b840a6ee1339,7849f82af86aabcb9a79f64d0527480f22117656a68f98280fe8b840a6ee1339,True
BTCUSDT-1h-2023-10.zip,37679,744,bbf0ef273c80f696ed9eb129a257812162487486692f124b9631ec38a924f6ae,bbf0ef273c80f696ed9eb129a257812162487486692f124b9631ec38a924f6ae,True
BTCUSDT-1h-2023-11.zip,36685,720,26f1a2870f57925303edcf75581f0a33ff5e145c2126e15afc5fc1b400522428,26f1a2870f57925303edcf75581f0a33ff5e145c2126e15afc5fc1b400522428,True
BTCUSDT-1h-2023-12.zip,38475,744,5377bec9e6dc04027717836cc1c2a3789da4e4122d57e8395265a0414b766b7c,5377bec9e6dc04027717836cc1c2a3789da4e4122d57e8395265a0414b766b7c,True
BTCUSDT-1h-2024-01.zip,38890,744,bf673f3d10804a951e8bac56dd2473486f113025971d43ebe5258ec40f9bfeb3,bf673f3d10804a951e8bac56dd2473486f113025971d43ebe5258ec40f9bfeb3,True
BTCUSDT-1h-2024-02.zip,36374,696,655ff5ac0fc570956756944c7afef4895c9bd149342f1e437de97292cbd1fe22,655ff5ac0fc570956756944c7afef4895c9bd149342f1e437de97292cbd1fe22,True
BTCUSDT-1h-2024-03.zip,39301,744,8138642b757ddf5a42207130277be4569afb4c581a0a1817be9f5f35a4415498,8138642b757ddf5a42207130277be4569afb4c581a0a1817be9f5f35a4415498,True
BTCUSDT-1h-2024-04.zip,37804,720,4bf3ca3574e0075c1b79f5b22c4253e26f6260f3621943205e3a8016c4c12318,4bf3ca3574e0075c1b79f5b22c4253e26f6260f3621943205e3a8016c4c12318,True
BTCUSDT-1h-2024-05.zip,38427,744,1d607e3b26e6886ba742477bc97687f0b86c4c26ac564325dc5f1667e0362d35,1d607e3b26e6886ba742477bc97687f0b86c4c26ac564325dc5f1667e0362d35,True
BTCUSDT-1h-2024-06.zip,36794,720,7dba8642e56641fca2c7f3f363050ae88bf0d6c87d28e14b747fbd3267d4d3a8,7dba8642e56641fca2c7f3f363050ae88bf0d6c87d28e14b747fbd3267d4d3a8,True
BTCUSDT-1h-2024-07.zip,38700,744,920aacb84b2745ee8f31806a753cdc5b2d672e6814d9c50c0bf524ad45eb5611,920aacb84b2745ee8f31806a753cdc5b2d672e6814d9c50c0bf524ad45eb5611,True
BTCUSDT-1h-2024-08.zip,38718,744,8d8465eb4c8a4fd05ebc0126e4c14a217edb2039441546bf095229e975268de6,8d8465eb4c8a4fd05ebc0126e4c14a217edb2039441546bf095229e975268de6,True
BTCUSDT-1h-2024-09.zip,37266,720,0a8118b3601f18ddad04a8afcf887fdc01661f66824a0ce49e0419be1f97f907,0a8118b3601f18ddad04a8afcf887fdc01661f66824a0ce49e0419be1f97f907,True
hl_funding_ETH_0000.json,44781,500,a90be3d7dd565c3f2a47bca535888d8a5f82f0931eb69ceaf00aab25df19e089,,
hl_funding_ETH_0001.json,44860,500,c58659f77dde9c405daa90cf15c3c8c69c7481507d70986cba0ec8ce76e2c377,,
hl_funding_ETH_0002.json,44909,500,30eaab24540f81e9944dcb2a0647753b4670c060e3d43e89a3f16b8e4e616466,,
hl_funding_ETH_0003.json,45082,500,4a3739c3764aae40a4eb2d8edc255816c693f0a0113428bd52064d75d0395fc9,,
hl_funding_ETH_0004.json,44701,500,42d5119b7048b768190792ecafed3f1d7388e152abf117679efc6110c705d7d1,,
hl_funding_ETH_0005.json,44098,500,3f05122ddb4b830dc01b7f9aad0757640bd948111612ce150d741138f020c952,,
hl_funding_ETH_0006.json,44451,500,e17317e95a432978e7b5ec9c050386be90c4d79a6518d4c4aafd9a4cc73dc667,,
hl_funding_ETH_0007.json,44759,500,4b4303ee7560faab27863b3738f4bd8d49b3ea9b901ddc674e629d0ee7444912,,
hl_funding_ETH_0008.json,44347,500,3d5be0ee905e261801c2c704a352a21ff47433448c6e081a02eb129bdb3392c9,,
hl_funding_ETH_0009.json,44660,500,57952fba0c907d2aabfe1d6ac1ddbc4445f751bc0d9f774cb46d306ef7806354,,
hl_funding_ETH_0010.json,44321,500,53418ba1bf812de6a6971682468df47c2ce8d9ca57b9ae7606a2e6512500a0ca,,
hl_funding_ETH_0011.json,44295,500,40390b1ff31b25a13f21c4c24df6a41e72d2c4ded9c87983452cd5c51e685106,,
hl_funding_ETH_0012.json,44531,500,721e07d2c6199c5f2920fd1d0d30a2d20784a4491675071c7bd591a2591eeebe,,
hl_funding_ETH_0013.json,44763,500,43566902293ec503f8bb3a1efec20e76d75ea7f1fa672c383acf05511da4ac3a,,
hl_funding_ETH_0014.json,44403,500,adf45e3c380d48ca3d149bc957d4a4bc7993495d4077c319d7a7708884a96b60,,
hl_funding_ETH_0015.json,44079,500,f1cc74cd2fe10a343907df532c82a8136e94ebbe4b42359001ef62de8bfefd8c,,
hl_funding_ETH_0016.json,44420,500,c5f523c32797191593010bb0d8070bb8766fcf3e51f21573a97aca22bcb33530,,
hl_funding_ETH_0017.json,44363,500,d5f54b40ab91c34ddb409484b84110d38f60603d88fec19bd8567fdb219ebf63,,
hl_funding_ETH_0018.json,44042,500,c13a7fceab0f1dd6b9dd2114fd7e12b5458dfc200ca63feac7d4229fb45c2594,,
hl_funding_ETH_0019.json,44133,500,a56a8778cce6f0abfdd3e67b2e0aa3184b9da7b820b7d49fad48d652277d4477,,
hl_funding_ETH_0020.json,44323,500,4184d52a11c9d2db974ddbda7ad3ea586259a6dc886e124c89262375b426b306,,
hl_funding_ETH_0021.json,44627,500,0e24eeb556278e0838db03dad598872d74bab3bc87eddd0746fceb48d525e902,,
hl_funding_ETH_0022.json,44187,500,a71aa18ff28aad01d4290db3ab5f8ff95919883ba740964e29445b907be461dd,,
hl_funding_ETH_0023.json,10749,123,60dd34d09428843b36b19eab8ad318d38f024005d3f08cbc788577b43acbcbd8,,
hl_funding_ETH_0024.json,2,0,4f53cda18c2baa0c0354bb5f9a3ecbe5ed12ab4d8e11ba873c2f11161202b945,,
ETHUSDT-fundingRate-2023-05.zip,990,93,bf890ea68d979942ed296b058390eb98b0b495547fee2117d3b76d5e7f629b24,bf890ea68d979942ed296b058390eb98b0b495547fee2117d3b76d5e7f629b24,True
ETHUSDT-fundingRate-2023-06.zip,888,90,b3ddac1309f9a684f4e811776a6c09fb2239bb8d1ae0ff4bd342a1c32a5e171f,b3ddac1309f9a684f4e811776a6c09fb2239bb8d1ae0ff4bd342a1c32a5e171f,True
ETHUSDT-fundingRate-2023-07.zip,861,93,82577976d8acd886fda84179ee38c9e7ef445732c3b6a062d6ffd2a9e3cc30bf,82577976d8acd886fda84179ee38c9e7ef445732c3b6a062d6ffd2a9e3cc30bf,True
ETHUSDT-fundingRate-2023-08.zip,897,93,cf749429c366cef3302a804b3e702937e5f1a77aeddc5b628dca7da547a8935a,cf749429c366cef3302a804b3e702937e5f1a77aeddc5b628dca7da547a8935a,True
ETHUSDT-fundingRate-2023-09.zip,902,90,41ac7eb67a46d14d97daec4c37e8229df5ac6b165639ad4b2c54bc7374930341,41ac7eb67a46d14d97daec4c37e8229df5ac6b165639ad4b2c54bc7374930341,True
ETHUSDT-fundingRate-2023-10.zip,849,93,ccaf4474f0dc94adedd4330c14995f338186caa2cc9fd0d2e2c55f74cf263a5c,ccaf4474f0dc94adedd4330c14995f338186caa2cc9fd0d2e2c55f74cf263a5c,True
ETHUSDT-fundingRate-2023-11.zip,699,90,153ec1450eb5d999ce253e2c7ca2e81b79a523ff52dd18b14faefab8212b999b,153ec1450eb5d999ce253e2c7ca2e81b79a523ff52dd18b14faefab8212b999b,True
ETHUSDT-fundingRate-2023-12.zip,801,93,91bdf41566cebb86c6f0e3646b0037de9c22e14ee2f592c5722c7e4a19c91119,91bdf41566cebb86c6f0e3646b0037de9c22e14ee2f592c5722c7e4a19c91119,True
ETHUSDT-fundingRate-2024-01.zip,685,93,5a71469b0b363886df904e784dddefc484dd943334b1fb7454713ce4ed715a4b,5a71469b0b363886df904e784dddefc484dd943334b1fb7454713ce4ed715a4b,True
ETHUSDT-fundingRate-2024-02.zip,770,87,915fad950c48935f3875d88992b8d78290bc8a6fada44408e3ed14aef9a56670,915fad950c48935f3875d88992b8d78290bc8a6fada44408e3ed14aef9a56670,True
ETHUSDT-fundingRate-2024-03.zip,941,93,e9c1d0f3e7e3b493277c7f826afb223482d56bdc7611144d398ac10e47307907,e9c1d0f3e7e3b493277c7f826afb223482d56bdc7611144d398ac10e47307907,True
ETHUSDT-fundingRate-2024-04.zip,834,90,b54c9f05af116ccd921b32b25960ae26954c4983992d44f2390bf1de08b2c724,b54c9f05af116ccd921b32b25960ae26954c4983992d44f2390bf1de08b2c724,True
ETHUSDT-fundingRate-2024-05.zip,836,93,8350ab4d61b12ec61539611e30809039f54814213bc4c937609360b1ff28b5e0,8350ab4d61b12ec61539611e30809039f54814213bc4c937609360b1ff28b5e0,True
ETHUSDT-fundingRate-2024-06.zip,758,90,def13f4a478c28b0111fb24c57f95fcee80e71982ed74f12e465d20d328e2275,def13f4a478c28b0111fb24c57f95fcee80e71982ed74f12e465d20d328e2275,True
ETHUSDT-fundingRate-2024-07.zip,831,93,9d236281ab6430250ad2b472cbbf03812a40aed42e73c8339fc6be55a2417a82,9d236281ab6430250ad2b472cbbf03812a40aed42e73c8339fc6be55a2417a82,True
ETHUSDT-fundingRate-2024-08.zip,944,93,e17684bc761924eb5e1912c52cfa997eddeb99da303e68e28f6f37369f672b9d,e17684bc761924eb5e1912c52cfa997eddeb99da303e68e28f6f37369f672b9d,True
ETHUSDT-fundingRate-2024-09.zip,908,90,ffb6e7441053137cb7ca81cc83bcdd996612f7dbb15aa2e168a7ee521f8cbbca,ffb6e7441053137cb7ca81cc83bcdd996612f7dbb15aa2e168a7ee521f8cbbca,True
bn_funding_rest_ETHUSDT_S1.json,126,1,6d714e564fdd6f3b0c0fbc14b0b0ee44a01e87ea7a0e20ec2371424a8cf00d45,,
ETHUSDT-1h-2023-05.zip,38504,744,a47a9fc2936bcadc99aadfe48858e7d3e31093a9321d9bc083b886b72924f568,a47a9fc2936bcadc99aadfe48858e7d3e31093a9321d9bc083b886b72924f568,True
ETHUSDT-1h-2023-06.zip,37299,720,fe108dc555560ded46bb0807d0c2e0bc7722900213a96e4e86bf355f84fbcafa,fe108dc555560ded46bb0807d0c2e0bc7722900213a96e4e86bf355f84fbcafa,True
ETHUSDT-1h-2023-07.zip,37939,744,911d3674c71a561df5ca5085426e9c61195bf5669bc7da7488ec9548ae476ca1,911d3674c71a561df5ca5085426e9c61195bf5669bc7da7488ec9548ae476ca1,True
ETHUSDT-1h-2023-08.zip,37647,744,74210a689eb85c8908ae05cff3297b9dc6eda76a0b41a3f9d72fdde0c14e3b2f,74210a689eb85c8908ae05cff3297b9dc6eda76a0b41a3f9d72fdde0c14e3b2f,True
ETHUSDT-1h-2023-09.zip,36218,720,38883595a881aadfbfd8c256e5170c8b016e9927119250f5128abfba96aba9c5,38883595a881aadfbfd8c256e5170c8b016e9927119250f5128abfba96aba9c5,True
ETHUSDT-1h-2023-10.zip,38084,744,61d6692284b406c9f9f655aef68e151a1eeb90509ddcd7f4a97233b1a002ef9e,61d6692284b406c9f9f655aef68e151a1eeb90509ddcd7f4a97233b1a002ef9e,True
ETHUSDT-1h-2023-11.zip,37387,720,d57c333ac46e779b2399c498cc8fedfbc8804deb688873585ded09aceec1fa16,d57c333ac46e779b2399c498cc8fedfbc8804deb688873585ded09aceec1fa16,True
ETHUSDT-1h-2023-12.zip,38764,744,8f581fcee21156d501435fc88db1d99515e6d7432fa7ae2993de3b5f95bb0069,8f581fcee21156d501435fc88db1d99515e6d7432fa7ae2993de3b5f95bb0069,True
ETHUSDT-1h-2024-01.zip,38917,744,2f3d1a6d9292f13b1d6cf86716cbda5b3f6119a310daed1dde5ee3d0d71e2fab,2f3d1a6d9292f13b1d6cf86716cbda5b3f6119a310daed1dde5ee3d0d71e2fab,True
ETHUSDT-1h-2024-02.zip,36577,696,bde9a1b0824b212ef6cea97065543fda0fc57c33479709d34e5db995fc79af01,bde9a1b0824b212ef6cea97065543fda0fc57c33479709d34e5db995fc79af01,True
ETHUSDT-1h-2024-03.zip,39568,744,24af0ecf9db1953e8c83e94823f4aae368ff70ba54106ef121c204cb046f9e41,24af0ecf9db1953e8c83e94823f4aae368ff70ba54106ef121c204cb046f9e41,True
ETHUSDT-1h-2024-04.zip,38134,720,290b594fa46ef95ab9c1486e2640ce2d1894eecd4d71b79bcd30d6632ca75b9f,290b594fa46ef95ab9c1486e2640ce2d1894eecd4d71b79bcd30d6632ca75b9f,True
ETHUSDT-1h-2024-05.zip,39214,744,a9b42949325fd4f236c7c88b63f35d94910109218ce2db80b8e29f7a2b2d623b,a9b42949325fd4f236c7c88b63f35d94910109218ce2db80b8e29f7a2b2d623b,True
ETHUSDT-1h-2024-06.zip,37466,720,479dced4a591035987e084dc8a5e5f3f1f2593704c0aeecdebc20c89b35c1d98,479dced4a591035987e084dc8a5e5f3f1f2593704c0aeecdebc20c89b35c1d98,True
ETHUSDT-1h-2024-07.zip,39099,744,8cc8d8b6ef13fa0393f53690e5d569afb8a50488e4d7852e20ac22d7bcf17cf5,8cc8d8b6ef13fa0393f53690e5d569afb8a50488e4d7852e20ac22d7bcf17cf5,True
ETHUSDT-1h-2024-08.zip,39125,744,00eddbb3297515be14426119f07468846cd04dc527dbc19834dd45294740a67c,00eddbb3297515be14426119f07468846cd04dc527dbc19834dd45294740a67c,True
ETHUSDT-1h-2024-09.zip,37665,720,37bea2dbe4281fbcaa45a849b6eed4393713b7236c5cb35cff63876e96df5677,37bea2dbe4281fbcaa45a849b6eed4393713b7236c5cb35cff63876e96df5677,True
effr_20230416_20241001.json,103969,368,21500cc36ff186c99affdb643a32ce90dc2978794567b8d9340a66754a8b86bc,,
