symbol,file,bars,first_utc,last_utc,gaps,sha256
EURUSD_primary,EURUSD_H1_primary.csv,44987,2010-09-01T00:00+00:00,2017-11-30T23:00+00:00,0,8b9e30e85c5c045698df9b4c7769cb66f3abe3e9f45c4f09a0e8d3d609c9d69b
EURUSD_secondary,EURUSD_H1_secondary.csv,2712,2026-05-01T00:00+00:00,2026-10-06T23:00+00:00,0,f1fc15abc738416f27d47d773b03976f8693faa63117c871f02fd7e62afb7ac2
GBPUSD_primary,GBPUSD_H1_primary.csv,44989,2010-09-01T00:00+00:00,2017-11-30T23:00+00:00,0,c8a28659aecdb0677f6ff71d7772bd14944c2410736fc91747b366ff9e13ee37
GBPUSD_secondary,GBPUSD_H1_secondary.csv,2712,2026-05-01T00:00+00:00,2026-10-06T23:00+00:00,0,1e15955beb68eeda7335aa498bbe81334e2971d38b9fac16f46db1c7bef687a0
USDJPY_primary,USDJPY_H1_primary.csv,44997,2010-09-01T00:00+00:00,2017-11-30T23:00+00:00,0,bc7ceb7a464da0963d67d6a2c294c7e22adc103c22330797f0f33791b486a32e
USDJPY_secondary,USDJPY_H1_secondary.csv,2712,2026-05-01T00:00+00:00,2026-10-06T23:00+00:00,0,12a75aba8fb53536f88fd883fa0c7cb9bf40dc627cb0efab98530c9a97f3dbd2
USDCHF_primary,USDCHF_H1_primary.csv,44975,2010-09-01T00:00+00:00,2017-11-30T23:00+00:00,0,f74b12db485414c9e4398bcfbab7f9956e59dbbfa7a43056b1aa23ac81ab2a2a
USDCHF_secondary,USDCHF_H1_secondary.csv,2712,2026-05-01T00:00+00:00,2026-10-06T23:00+00:00,0,8d2e9223baf156a1fd0fa2aafcb2808f92f44a1a4e88e242685da148e988b066
AUDUSD_primary,AUDUSD_H1_primary.csv,44996,2010-09-01T00:00+00:00,2017-11-30T23:00+00:00,0,a54020fd90a07e446aeccf8533037354d2d045c2e6875878455e99a8db18f835
AUDUSD_secondary,AUDUSD_H1_secondary.csv,2712,2026-05-01T00:00+00:00,2026-10-06T23:00+00:00,0,0daf8aa0960ae1bdbe78811d3beb9c0e4fdb6d929de411a7a08979e395b86869
USDCAD_primary,USDCAD_H1_primary.csv,45001,2010-09-01T00:00+00:00,2017-11-30T23:00+00:00,0,9cb5aa80e63b23ff4b58a479463a8caa19c6a91c2a47c0c7fc646bd5f9999ea3
USDCAD_secondary,USDCAD_H1_secondary.csv,2712,2026-05-01T00:00+00:00,2026-10-06T23:00+00:00,0,312f6205152e28560e8b9c290d142ebd021cccd05682e4e2c5e3537dac8ca3c4
NZDUSD_primary,NZDUSD_H1_primary.csv,44981,2010-09-01T00:00+00:00,2017-11-30T23:00+00:00,0,a8cfe9e09513f6cc407a61b3b724cd4d4ccf728525099de64426723094ab714f
NZDUSD_secondary,NZDUSD_H1_secondary.csv,2712,2026-05-01T00:00+00:00,2026-10-06T23:00+00:00,0,88abdc55608c537c8392cc0c02e62a233fe4f32f70b75abb38d6d76c423b8ac6
XAUUSD_primary,XAUUSD_H1_primary.csv,42314,2010-09-01T00:00+00:00,2017-11-30T23:00+00:00,0,b1e30758259c02d1ff706e7a5adb350a8cf6f47d03cc3d598e644b8492eb59ff
XAUUSD_secondary,XAUUSD_H1_secondary.csv,2480,2026-05-01T00:00+00:00,2026-10-06T23:00+00:00,0,167b7447072c151b5b99ec08edfe55ed269bbdefc82e4c0b0aa0f9b92f0fcf0a
