date,rows,first_sec,last_sec,contiguous,book_updates,trades,seconds_without_book_update,max_gap_seconds,seconds_without_state,spread_bps_median,parquet_sha256,source_bookTicker_zip_sha256,source_aggTrades_zip_sha256
2023-08-01,86400,1690848000,1690934399,True,11487743,987917,3,2,0,0.0346,1907a3a626f6093e53040da025e3d860ffebde6601fbcec458085f2f8a1ea17e,e34de9408bff0fbe1a65c30924bfc74313aabbbcd106f0296dbe935bae13f608,e98f09c0b5669ab48528757057391488bd8515bc59d5bf3fdfe1fe8aaa5616dc
2023-08-02,86400,1690934400,1691020799,True,12614371,1125359,3,2,0,0.034,443ce3fd0ac862e9f7dd408b906e1953a3ad232a1a2f674a28d682026967a9e0,f8cfed9ef85fb631e00ac32c1efa3bb37ef351ddecfcc80a58d9b8c657e725ea,8fa6e2908d48ee111b9591c94a04138ed134745761792d374cd6a5f8bcdafc18
2023-08-03,86400,1691020800,1691107199,True,10245837,655695,5,3,0,0.0343,ba3ce7203559afd14392e27fbf56c06a6f37aed0f676e20ba5e4f6a165dbdcce,bfd3125c8f98b4c90e01fd015a28e825c079d9abc9c83fbad69165daf2b9e295,3dea0f4fd28868d522df4a4df9657cef6b541133af13ed0fe5176a3c4767479d
2023-08-04,86400,1691107200,1691193599,True,10138637,589412,10,4,0,0.0343,d2d8263a1f12b889fd28a97bc7179753de34b5d755824dc89649c9816de5a31d,de199b8b31cdfd9ac9b22615b6a854e1789348de3986db82d190bf972ea328c7,edd1fb4a9fab76814bc3523cc8d022feea23d84340b3dd5fedbbf93e2a72bff8
2023-08-05,86400,1691193600,1691279999,True,6991131,339319,11,4,0,0.0344,ef938712dd521bd3b9d4244b33ddd49137eac1163be606f83f6f0525c42263cb,a247f2f4275a4e71ff05c241f0d3fb0e0e01cfd4b319e97a1d4226a4b54da7d8,05f73053f9229773bcb6d741eb3993db3d67358733ec0a70895e6b388331a8d4
2023-08-06,86400,1691280000,1691366399,True,7740274,366147,12,4,0,0.0344,116bca73adaac0ff1163db28b3864c4db734e5616bebd50021b880f12d0c56f4,f011af1d712aa017ffc9f3abf0325fdf4c227c7c2c6ee05956e5b698cadd5a2e,f5990b366a4af8ead7cf9ac82a8287cbc5ce15354de16505805d955edd451dd1
2023-08-07,86400,1691366400,1691452799,True,10871968,744341,6,3,0,0.0344,b166aea7c348d85ded169093dd6a4c5e54743a9901777710beed3639dc270cb4,037f8d12f4ee248a052b8164fd88e865f9d7a8f1472e08a0837256d8172392b6,8f316c9a391612c93dda21d97951c8fe6b833aeb591dd8535c1da84478af1089
2023-08-08,86400,1691452800,1691539199,True,14197833,1039583,9,4,0,0.0341,8b03f91cb63a6a891d9993667f16c7cc0706557ddd1f9990456701629eb479c5,bc872805e8e4f90c9509010f71ea8dc39a024e655b9c8058362d1f0ca15031f3,6e56371c7eeef35c3fa44ed5a4a3f2570c5dfb5ee7330224434fb811619f5cd6
2023-08-09,86400,1691539200,1691625599,True,12999252,830778,11,4,0,0.0336,36b61f9b6a156c3269954d64eab4f0e125f7896628fce3428e6cbccb4f0ee758,952540111ea066beb6cf93671d1a210888b218682abb4bb4f5f37185171db27b,0a053b672685359123208a5bd77ddc94f373182f55c11b2caa124220d22eafa6
2023-08-10,86400,1691625600,1691711999,True,10831376,601524,6,4,0,0.0339,a1ce1a69dec96fda1e81144df75811af505267391bfe2aedff0b5037146af774,7373fd7f32fa75b727170b7388179ec657ca172efcb15e18fdc1a8cf1d274d82,90eecb9b22d0edf516dca5d2565bb8f1bc5d26d5acd1640f02f057471bfda4aa
2023-08-11,86400,1691712000,1691798399,True,9449640,424474,10,4,0,0.034,0a094db26f7aeaa221257b97167696b4109ceaaa5dd17494c3319a395f9f1560,d242d410f1fc993286cfd0b75339b4203ca1dfa3ae16aa51e0f1842ca6ede8ac,da443eb5d55fbc277fca7c3cce56b7f003803ea86d71f82f8db530c868999754
2023-08-12,86400,1691798400,1691884799,True,6497420,225060,9,3,0,0.034,0038ea69fad23cdbfdf7f4bdf257944f276cf29ba2c042ce7ba059d97f6e4e20,2aa30d0110bd954ccd68e077472f3f95659f5ecdc79383ed96e288cb9598bf63,85ba5de8801badbf1d638cb7657fc0631535e4eaaa1bf8fdaf74beba94be6173
2023-08-13,86400,1691884800,1691971199,True,7670486,285682,6,2,0,0.034,7c616fde12f3c75cb28ddbd52eb8c34ec1194354b8e689db2eded1e1ed0ae4d7,4dee05e98138094bc3f08bb8a70039af9c8d536dc3e258fca75c88a07b530173,e3fedec78043073c1989003bd3bfb317f5590d1cfde8b5bc367cb6a1d8c87da6
2023-08-14,86400,1691971200,1692057599,True,11934379,641206,4,2,0,0.034,46555864edcbc65b8c3f3bc000d54b48e2575718490747f510c48b85b394cbcf,930aadd448abddd5752fc676c06f79fa7e354cb1a1e68187534bcc1c78178d5b,d5db603f39292e761a2848ba012a0d7cfe3e6dd5c8835fe0cba14121e529ed87
2023-08-15,86400,1692057600,1692143999,True,9904366,481440,7,4,0,0.0341,b69d04bea5742e393ad854190dad5f25ae086de0153120b4ed3d5416014762ba,a416cef81df68dd305cf9fbef1afc1e41d226d955c97391753261cb4dea89faa,5dbbfa74a3b814a125cc85216628cc88f8d5f6acccbb3bba88f591c945c91c4e
2023-08-16,86400,1692144000,1692230399,True,11915611,662146,8,4,0,0.0343,633d8183d37107871360821ea38da11fed1ba531cf5d220992a72267f20e6fa7,db661e8349237ec71303b4ecf7206c79882d16698335cf846c3229e6c684a115,34710d967d8414970b3219fd4340959ed5071e12ef73a55b3e62be0d0ac5b577
2023-08-17,86400,1692230400,1692316799,True,16548828,2162862,7,3,0,0.0351,96a5c63dd1e11115365baea0e9a2d1af451b44511bcb55e78c20b2183430dd64,798b0fc6c8b328ed98d0ff9cba41e0fdebbf1b8d54b1a18802b2ce5cc3739d64,85fc437d04111c339b8edf9cdf8bacabf76db7e577250300e427a76490bb5573
2023-08-18,86400,1692316800,1692403199,True,14709676,1479224,5,3,0,0.038,c7f5638e7ad9006e7b2a405ff02d79521974bfb054d932da95ddf5bf400db6b7,76610f202cc8a1dc1187571daa39203a9e2b96b0e8ef5b0b9fe2ecdd981e3dd1,de649fa4d8da0ae30ff3e24abcf8e3b5620444dc03a43ac18fea2f615fdc6996
2023-08-19,86400,1692403200,1692489599,True,9067895,621526,7,3,0,0.0385,a1689b2f6142ab5a2368a76d006e6199b92d39a066b7d819dc91ddbc1f806102,9a9d24c25ad39cae1f8fea43a7e5496850faeb72ac967650fcf780d7b6e6b539,e6557475ea2444771c1fe3d35ecff44bf531866a488f10608b9c97ce217a743e
2023-08-20,86400,1692489600,1692575999,True,7603271,446558,9,3,0,0.0383,b8aafb21140ffef02bd355955bdfd688d20a579dbe5b9046cada196de1930f3a,0a8fb39528e93bd80d30cf2e28505ddbb7425ec2cee21a463b1fc9e37937db48,0aee8ef5cf3a072633a7b8b626a5fda6f7440d645b646757845bca376795003b
2023-08-21,86400,1692576000,1692662399,True,10146165,672023,7,3,0,0.0384,8c4a2a614a59230c33cfbec1acd79164ff7f48fb3cef318100b9e32ba1b3ca92,38319fcf128707870fd3289453ce4dfd398b6a07bdcc87ec2e7f1f2bf97fb2b4,56a806fd6d1f7bb3e38eddbe1c1e2b4c3425ebcef43cf77968e86d28d8818fac
2023-08-22,86400,1692662400,1692748799,True,11337014,834626,6,3,0,0.0384,4657fe116dff7e4d062093cfe99c11893325c2ffbfd9a195701f7c06988757f1,c91a2b76e88109234f14ba603977c58c069c0b9fc55b4a296bebdeb1f58b7195,f85477822ea5a7b67561a1614b7a327bc296edd3574a3061d8801ea759477862
2023-08-23,86400,1692748800,1692835199,True,12793512,1067864,5,2,0,0.0384,4ee54e5d65c649dd00ab76ceaccfa0a3dc9ad030239aa2b5b169562f46e65c32,187e5522c2f53417364f20ad09417926cd0c0eddd130355e7ba045cd38419637,d75b0426082a4be111138bb36db5e21b73916368245de379dd375834594dabe8
2023-08-24,86400,1692835200,1692921599,True,10922440,769759,5,2,0,0.0379,aec49cf2d75a455d4c9af9e61d9c028d492f391bb00eb5355ede7474ddcda8da,1c3d6b6a1a46f8e8668b4cdd3b329f8c3ab2a150d02a1badebfa9bbaf4d67702,c2c04109ddfcfa7bbee17b54a5f90085969478db4b3e66f75b0f56458cd4e6c8
2023-08-25,86400,1692921600,1693007999,True,10557613,760707,4,2,0,0.0384,580a9b0d7edb0e752f2b60006f91150146c17dd9b8f185dbd7a6cfba8e70b645,49ba972a1d0244cfca3e63f7f62d8a482f28908783e0ea0d4bff40471da9bee7,636d2aabf556e9b331defc751132248658e5c544d00d8bf214f187fc3749aea1
2023-08-26,86400,1693008000,1693094399,True,5194152,250462,3,1,0,0.0384,18c5aeb1c5c39b32bb6da74b5cab32ffd671d8e87997d9891f4bcba49b590bd4,c36d87dc40f783bb4baa986149fa5063707f9df5064f5999e66865c562766633,ebfcaf44e1fa7877ec256d444cbd3d7b46a5df37bbff3aec9adbf878fb709fc8
2023-08-27,86400,1693094400,1693180799,True,6078897,336477,0,0,0,0.0384,bf09bdf81fec64052293e9819d2cc6d0411a86329b314966db91cacbcec39b4e,bf7d9471012934058ea45c3211597eaece30264da2cb576ef987941a9a431b81,0e404ea00ab9ae8582acc98e666baab50d1c8a408d4bd41ef6614089ae592c20
2023-08-28,86400,1693180800,1693267199,True,9154044,625775,4,3,0,0.0384,7aa7660e10c0a85d6aa6c5bd7ca58a234692386f8e4650e3a5436f88c47d5e8b,ed78e4014e384075e29b07ed650e03e7be6dffdbadc59153307bf83040b49ae4,7e85a66fff29c3e331283557c69550cab32a027a992574e37481b46e553a8958
2023-08-29,86400,1693267200,1693353599,True,13720426,1847442,5,2,0,0.0383,883c40a9377454e958b1ce50fa2777a968fbb43ee3db04bcb19e804df46bf26f,072f91444042814771909c40e794cf00a45fe1b9e11016e373c375f4abadcaf0,171385f1bcf18cd2fb5a14c21e8e421ec3c425e327322a9fbcd65ed12093da41
2023-08-30,86400,1693353600,1693439999,True,11998021,933189,9,3,0,0.0365,1a9e427e5d2e7dad92f505eeb808cf366e152d72012f83aa5311eb4c7d673dd0,5553e3ab76329dadacd2f3ec66592af299f0d0048f1619273f14db4f9bc862f5,7b076372327301487e1390aa401324c94cfbd0eb08040c28afa5c694ad480229
2023-08-31,86400,1693440000,1693526399,True,13110447,1358001,9,3,0,0.0368,ec6c87cf262111ea47ecc989fb9779deecb0d6ec089d6e3f6c38924dd04deac0,8b013c90de7813ff5b34260529888077348a9f27f097a333412cd39c6290ea27,6ce30dfd1d9491ce3735fb43f0c401a7075e097391e1824dcc7c0908597e3d08
2023-09-01,86400,1693526400,1693612799,True,11711582,1056900,6,2,0,0.0385,59ad8e9340ea0f76d985606579f5c0ae1c429bae5f05a1035fe75c2295894d23,70aaac0305f2d6389835ac61faf7e61897851fa6a60ce0351a50a9beea5654d2,2555a175ec61ce85fc5b2f8746f4255d87a811a9f3e98efd508b54a738cdfc16
2023-09-02,86400,1693612800,1693699199,True,6338127,388631,9,4,0,0.0387,94ba0e3cd33d00d9f0c6b92620de7a6cf56c310a1d1d6394719debb0719239c4,dada0cde71d751f35e4bd5081decd2f27f115609cafd7ef3e965c7a3544d9254,160b0c76bce6c4822bdb4db559277597968f61c07064a8ec2ff8a526393ae087
2023-09-03,86400,1693699200,1693785599,True,6726361,458683,8,3,0,0.0386,de832da027a7ddd99061b0775744195a639905ea14b7c41c4fe90d82eb11a744,b032d6b6df13d492544e75540fc73e3a928283187ae4a2897df53b417d10f412,da2b25ef9a9ba937a333625710b788ac462105fc7ed5d8b1a1ec142e491ca9d1
2023-09-04,86400,1693785600,1693871999,True,8369198,537925,7,3,0,0.0386,2c1c82d10dd529cebe7891aa0ce630129c73bf23b045b09663a316ab5dde65e2,01abc1aec37ff6b10e3c41fab95fe4934621c0d195f0e844ed7dad4c69df3e1a,8eea8800e273cb70aca3c07666d922c9548a2675794d517906e35e6ea663bde7
2023-09-05,86400,1693872000,1693958399,True,9067948,559786,7,4,4,0.0389,d38bf2c0f6bbcd5565cb47f36482e3364561a393beba40518654022a40f55cc7,2d16d24bb5d74187c5f396c36cd17c74994294cfc0806058f8cab5b4976aba42,9df7308bfeb6676564bbb6f58e91ae8daf2e6568543cbd3547cb1330735bfa9d
2023-09-06,86400,1693958400,1694044799,True,9222717,717408,2,1,0,0.0389,242aaf84133c1aaedef8e4b9e557c63c96c2e80dc042fb7397d62f931058a4e5,6696ef58598facc64e583dfe0750fb8a498a3595e5c2ba42307026518cb8e06d,e2ee00a1965fb64f5c081a00bf67d79d7b40634cb9fc03c60d28bacb8f44c8d5
2023-09-07,86400,1694044800,1694131199,True,7417596,713888,13,3,0,0.0388,07c03e1b71a31162e272250c3f64468ef95b140a42a57cf24ead66ea6085b863,0203f18b4309613c158847d9ed216921efe00e87deed3f94c027dc4987f8839d,b203b7b4468125ba3978f6bdd9cbd7b50a7a85936838cc33f24340a4cec69427
2023-09-08,86400,1694131200,1694217599,True,7122869,711333,9,4,0,0.0386,4c27e90b2e51771648b89422952b1a33c7877945e10297f22caea4b75c4b945c,aa287ab77af4771ed2477428badc2cc2bd5b4470226ea710be0ce32b86776e57,afc4a6c885315ab007bb62b7eb43fc547391fe3e7485aa9f1488a1b3002630e9
2023-09-09,86400,1694217600,1694303999,True,3867689,264077,20,3,0,0.0387,386c92240608d6f55bbc91b07da80d3af5305d373f6973c087fc0cd51cdf4102,f4ceb2f3347605c663b2c5ed2d9d7f9f5594410ba58d5abd925fd1e8572ced7b,bb403fea59684beb385a905bf5545abb028c2cbf07fa72d44d30dd33997ad045
2023-09-10,86400,1694304000,1694390399,True,5511031,444144,12,3,0,0.0387,d3c498fdd3f576e4c88a7ca5b0f531aee974f3991cdae2081eb5f2e65a8a16f3,e2624ebc364e55674492d69605994c9924e5dd0078311a8069163534edf3c41e,bb2fd20eb1ec6f563ca6dc683057785ed0f2718d71b861d4cb7dbbcff8ac6c1d
2023-09-11,86400,1694390400,1694476799,True,9379630,1188511,5,2,0,0.039,d976c11f78bd5c8e14857ad11a0e0f42b7b9629fce6c2b2e3204712fb2b1b849,16a270297527bbf12ee356fb7c3322ba5df7cface64f829d514bb542436eab4f,6f117b474dfe11b204bf54afe09fb5a1a37bb4d43b8c9e35503a6ceea38b40da
2023-09-12,86400,1694476800,1694563199,True,12017782,1630726,1193,1190,0,0.0385,7fd0c7ebbbbb96762a3d14cb52935592943ecba5054ef3ddedd33db1e09f48f8,99d95cf15a9b9d6e74f9a21bd57e51f7712966061d3454c35ec22a68c32b8da7,0dae300fe554f6a8e6996e8faa9f2bf07e929d76656c1753f076e2ab60642e0e
2023-09-13,86400,1694563200,1694649599,True,17948009,1064192,6,2,0,0.0383,1b410c960d34267c9f61fb11d813f2ec446f9a49d887ca882d81f0f591cffc55,d944c2e1e4e02bceed15ced462f804317f9624d75ef4d51dc3ce5794d67d5380,7717d2dfce2885925ceb9ffdf07930c517264e9d289339285f4e413c3827609b
2023-09-14,86400,1694649600,1694735999,True,17639951,1116218,4,2,0,0.0379,80fa2096d5dd8b41abab8dfacf86951a0cc57c681b7b7b86dedf7ded0ddd48ea,2f3412fb30925efa394d9c6a9b019697d4ba1502e310403f15c26ed95717cba1,52e956e506eece55a05bac9a09d4ed81517ef67c36fd9bf56b40e4896d54e697
2023-09-15,86400,1694736000,1694822399,True,12583798,742067,6,3,0,0.0377,c1b7448ffe3784af682c8989bdf0c1c177c62e88c948da634c7646764b31b09c,cfbee8a4d8f51913ae83b5232d576d163e8c50b12eb9ccba545215372a132273,6a73677ca42272f77035368a313f5e617b60d6ef58fd811d34053064a3e525ff
2023-09-16,86400,1694822400,1694908799,True,8090754,412745,9,3,2,0.0377,5937b3cfc69e3240176e39ae086f068e8a2da3c3298c222908f238b2d9ba14a8,3c54f7c074875339fc857178af6b2f06b3d1b217aa163a96e00456b02e394cb6,3547e02e3ded6823f90ca060840968b7b3a26d6c4449c957ff704797e7d932e6
2023-09-17,86400,1694908800,1694995199,True,6456304,320494,8,3,0,0.0377,3a6876472b6a34e23e2e1cacbc53552c7aea40b315cd57e72f8875a88f369ec9,36b2c9ed748c07f5687663cdefd1a93b2d507b7e2e260abe5a82a6f87b48bb4b,02e09624e114c25b49d500ffb0d8e35b3b9bade412b297290c1031ae9a4c48fd
2023-09-18,86400,1694995200,1695081599,True,14959344,1294850,0,0,0,0.0374,ca4c60084ac6fa5bacce68b6f8e519ce6babfc77bb4eac25081e520d6c50476f,08f1271f4ef7f2fa1bcaa0f5518ee8feabd0b389fc2b5d522dc18ef46762b039,353a18fec9295d41d836f6a3f09c3af98649634677c92d0af715f423b58dc1ff
2023-09-19,86400,1695081600,1695167999,True,14133936,1206820,3,1,0,0.0369,730ee13b98c3f66f6162e08220ae8dd083db50cdc687362fda2a8f119d849c9b,42f336700d6dac22f063af92c9913581e44a0bb1a5fe2a8765012d335ed3e582,9824da0fc6762359818a8a16a1425646d143b55bf1c616fbb4e585c2eb6ff749
2023-09-20,86400,1695168000,1695254399,True,13726532,1046017,9,3,0,0.0369,82e2e7a16349c940a06d82d43ecdf93284be8fbb1633e87c5b9f978104a347b6,c02b53ce4b82c5e1066c1f4241cf8f219112078c2e85e629f59b50b589ea8bf5,aeac143a114aa5f7448e075b580869c4e13844d6a647f7d0ae8dae1662ee4aeb
2023-09-21,86400,1695254400,1695340799,True,9243066,923983,6563,6328,0,0.0374,e347fd9e9db330c53b02cb52002eceb4c72999e80a37a8d8bfbd56fcf0d62a6d,ef995e61c107d15490c5ae36235501d6cdb7cb1e4209e73eb372eedb9f86c2dd,856ab2e9d39941157b00dae39432e8e7643cefb4c9f6800bcf8e77d5c873566c
2023-09-22,86400,1695340800,1695427199,True,5404588,539913,19195,19190,19190,0.0376,8825c3f6ec91de815c933639994587f28e1fe894053bd0f53ec10f5b65c0f09e,ae1b60cbd8aeb23d70638e14f3d4da5374e4c00cf903d0558b80172f652d2d9d,1913ff9f38c773317a55a348b09f4d7bf09e310f087668271c5e1cec319d995e
2023-09-23,86400,1695427200,1695513599,True,4264838,240461,8,3,0,0.0377,4d47c4e05bc0c99f3f31ed3c5070e258af9c26cec9f25fd53ea2936a93d0a847,9b6dca09b8c84d483f8d6e6c1df8d79c28bd7fcf0cfad320260a50926907477b,f73e38bbbd7fdfe9295fe4a189da27c65a11f0e2b94f05b875386aa8eabcea41
2023-09-24,86400,1695513600,1695599999,True,5715885,443521,7,3,0,0.0376,3645bcea783e88e6ce3073516017501ef2134d1e2195686d63814d8140914234,93c84cb494dd6fe182070f55b65390e8691fcaf1a8a414e025a99190e10e769a,279fc6fd7ceeb35ef32bad6a0f5e4541f7513eee502f7816687e12e31ec60e92
2023-09-25,86400,1695600000,1695686399,True,8964696,768933,2,2,0,0.0382,eb2f4f8b3712fe6fb05ef8070716a73e07b05620859f1226ce4fe7920be6d193,910c7f1221a48221632ceee2853f276cc83fa9cace2515a225168f6c01481339,bdf448d83f634e61d48672785ec25891085134fdd9765c1a120d0fff58ea9240
2023-09-26,86400,1695686400,1695772799,True,7740828,545678,11,4,0,0.0381,59c8fccdba2909c186188d9b6ef61b68c8b67afc88783b4432a9ec41a46a8748,19677a9bd7afdc572236fe5680e136f85351582895c457e83a6bba416741244a,a31259e741e2349272c67acc7fffa7389fe4b583ebbbd516e8d2cd7ad1fdcc31
2023-09-27,86400,1695772800,1695859199,True,10150570,919781,9,4,0,0.0381,d94756f7ba3d0c71ffcbb0bb4287c17b8e9c23cc085f4fdbb838903da7dc87b5,1e16df26c058ae580c13b27a467323de1983aa611086a9ba36d3921c637c74a9,1d42a04cf581b339c73c28e717a229604bf44a092a4d22cbfbc2b41ea824e839
2023-09-28,86400,1695859200,1695945599,True,12857674,1158725,7,3,0,0.0378,6811bb772ccff635192bb23c5372532a5482416f42c25b62f3e1ae02b2c70a2d,acf99bb19fc3051085099dbfca6def057ff26e64c5ef27a48571fccabd62c857,28decb9631ae3b9f2e436850e502ba2e8b00fc82eb46856ed267562e842446a0
2023-09-29,86400,1695945600,1696031999,True,15512809,838490,5,2,0,0.0371,9d96007725e1c32e7f19a46e4f4ce9f51d946212d6071110694f90fec8d4c8f0,90e2ce19a284809273af98cd14c54564e3db319716bcc61b969bbac4a63c5569,91cc975f2d29c1e47989c62d7b5bef511f044958e408caeffed57539f4d04cb1
2023-09-30,86400,1696032000,1696118399,True,12035650,341498,4,2,0,0.0371,564b12de6404b907a70b21980dab04eec7e8c547e411207c5bfdd7cbc6530e24,b91b2a71bb875c9849e8bab1eac1ec2c874b7aa803ad51baf09afc94ce7ecd63,e745ae95df24d7c0b5be689e1d2e1cfad0bc478a3988e49270883edc2c5a4a23
2023-10-01,86400,1696118400,1696204799,True,8620481,758285,5,2,0,0.0369,357055fab5b29445772d665b11682370cc12f174d6f3eaf610c424bf43e488d9,c13da62012293e9da641c379699863b82b8069a31750374654eaaeb95ab8944f,29cfaad8b353f31c94722418fe45d047b87402e52b561454fd5cbc357e8d401a
2023-10-02,86400,1696204800,1696291199,True,15075560,1643313,2,2,0,0.0357,0f6e4010182fb540937ed529aeb1b605b7aca02f59d05c5252578d81aef597f3,593ec692e65634af15cf76c1bb3697dacc7b1ee038979bce568577614572330e,b152e41ec832da04b98db67d2ac1adbcba4e9ed5a3bdb52adccb9c55739952bf
2023-10-03,86400,1696291200,1696377599,True,17204135,890717,5,3,0,0.0364,ce6f7bcb8c2b1a996b6b05fdc5d5e31beff5fcbe6915447726d94f87bd760d0b,68205ce4d4446ace4827ad44b087234ca2ade716fdcf233385542de5e063320e,00b95f31fa662f210239b99c88b48f62bcadbf2241e1b6306d211778ab8ffb66
2023-10-04,86400,1696377600,1696463999,True,15899852,874186,4,3,0,0.0364,5c4434e1f5a7705ae3a93f5508608e4a929edb01aff362373ee9d5662a237892,9b6e4030601a3e388ece4f7893b75c40298e85939bb45b3ce7ba14c4d11302b1,39035d06242068a11732137b80c8ac37d5bbe70a1d485e94f39cdfa3c02360f6
2023-10-05,86400,1696464000,1696550399,True,14652305,1032481,5,3,0,0.0362,1aca55362466b3a6263f71dc84f3039c834492aee96d9a7824c5c8ced5c3fdcf,4c1a53c117ba4d758a148d4a6ef565ea74cca92d5b8b3e09fe855145212776bf,855a2df4c539365ee16ecb10d5e322cded3d815739474970eddcf7bddbee52c8
2023-10-06,86400,1696550400,1696636799,True,17054459,1258045,6,3,0,0.0362,b2349fa58b6c75080f04034ee5b73d85ce3679d369e0da7d11e17d2d9e8c1c75,7ccbf00af850f20ddaa52a04f6db9a89e516c7623f15453d792c89c1d4196569,56203d777eef00b4f2a4b010ab5783c10375c0d12d6379855c518e2f995a0d04
2023-10-07,86400,1696636800,1696723199,True,9932307,436665,3,2,0,0.0358,951d479b25c406f93efb1372794f556b416bda241b87db8dbfde706c61c77bb0,76e6391d33f6865eca1c53076d48298b22960dedaa4b5868bb8f569cf11c0afc,73c62ec67b08ea024d5e2427c96c632e93ee11258f0759d4572e253ef09f1603
2023-10-08,86400,1696723200,1696809599,True,12031402,587808,3,2,0,0.0358,cc964bf1046e252f295162a6905c1389fd0160e82bbe5af6a3309ebf7d1cc3bd,0a966358f9d31eeda6254b968fe73f4f6c6e0994d0b9bfb1197584e711c49834,dedbf5e8c53910262845519204bcbf24189be892463ce165e060bfc94470a0cc
2023-10-09,86400,1696809600,1696895999,True,15185670,911841,1,1,0,0.0362,8be0217ae4725537c703d9c1e7e4bbc20cb609d8bfbe3f404b091abb25657cf3,73b50ed05ff014ad3ae634ec253748b70ef9f9681e7b094a05575e0c0b95ec6b,f5f22479354657068e93da1f840e64ccc4c2b9669b29fa35733eef7903689f3f
2023-10-10,86400,1696896000,1696982399,True,13525256,738970,4,3,0,0.0363,067cc1a4ec60ee419fe4cea664b2398352d3959cd62b4a2a343092fc0827f802,d24fffa8c2f10af42e4203d3564b35c8039cdb94f4d59793ad025e1affb57295,0e47394a902c37ee39dafb3a482cdf48c27ff3ad0e16bdad4edba767d7c92c2c
2023-10-11,86400,1696982400,1697068799,True,17636493,1111566,7,3,0,0.0369,30869230dc42f1182c0a9cdfdcfc91bf9de629d43d6ab38a5c1cb9d60b40866a,8be13bb96de875f46b7296fba1f7763155ad11187d6fda2da142b2a07a465e0f,cbdda9c57f725a59dbd6556e0f57af8c2ee6c43f5cc47b5c21c81e0299c399f8
2023-10-12,86400,1697068800,1697155199,True,14299125,720091,7,3,0,0.0374,560a566e47a301ec9ccc098eaec4903a25d0e0bd9348f2afeb6e0c7c546bf369,ea86e944e7ce479ddb5a32432042649709958c6d4045a8383d9240bc591ebba6,7d0470b7b002b87b597871c244f4be17431d5bcdd0fa5b18038235d1f183d597
2023-10-13,86400,1697155200,1697241599,True,13605037,690445,11,4,4,0.0373,d48afa38621563d1ed1c53aa648f9523d508e858c6a77a908b6c2c52827bac75,7fd5c8b0bbb9650315ff22c5530b6187aaab06b6f65782d6be9df95db3308136,2c0ed8869c0dfdcfa543ce7b4352b48ca23f6e1efcb0fe089e5fad35c1858cdc
2023-10-14,86400,1697241600,1697327999,True,6908972,304735,10,3,0,0.0372,4c5af3c01050281c6d4a1ebbf65a8b832d0bdf2c7207e75981613e76585cb750,98fec13d0c0bb73ca211182cb8c6f476abbdf2aa59c2cd0d2552cda3c0cb924a,2dd22abc64c34ef695b32e75bb71e9be8a0636ea11fca17d9db340c4e13bba29
2023-10-15,86400,1697328000,1697414399,True,7613922,437124,6,3,0,0.0372,e12d43e998b09751f0fe411a721f00eac19e073161324f4150058cf1a43ca09e,e55c1b1fd46ac478364a335322bba60563ea8e08f5a935e713a24307a89e8357,8b4e60d77945251968f675c7bfd9d33e0c047e73f9a00e75d7e98bd539896a31
2023-10-16,86400,1697414400,1697500799,True,14124758,2482289,7,3,0,0.0359,27017cacc184a7b493b1eb96a485deddad4f61df2ef354691eee21dd88785352,d6c00425952fe6195b1add14eb439a6046c388c2b400534387ff3fb3785b7169,64bff71d6920bc6cbc69515937b4ae34f9bef20e9df6dfda3f01d5e8ae3fb8d9
2023-10-17,86400,1697500800,1697587199,True,10641432,1047140,7,3,0,0.0352,f0d5e32525f9a82c78185276fb5323fd03bf3e25a8ae38eccc885e98a845708b,0955f0d3c725668315eb24761961c498d36952c045955e36cd756404ffad5439,2882ca76d17c1c4a4177ae1620eb37e20168f88ead595fbb628967619904a0ae
2023-10-18,86400,1697587200,1697673599,True,8841008,952424,6,3,0,0.0353,5913634df87fd35dcddea34ce610e98c353cac674fa9cfed0fcaf5976d5f975e,c28b904381a61e3530bce339424eb160b38f76f907e028c895ca5807078d8411,6463e6bd9163f72ceb0ca014a84926d0704a2fffb121d9c73f1a5ffff1f3ac15
2023-10-19,86400,1697673600,1697759999,True,9950931,1059890,7,3,0,0.0352,77cf48c04e1d0f27385b9ab8cda1d5919b3532867352af1b967c61097063764c,2561450cfa333629a42d40026c572f94606ae46641980447995bf37e8b2eabd1,335892b64a1c90148fb29b97cc8db95d7d8e1d06fdb0fd4b53091c9b58838ab4
2023-10-20,86400,1697760000,1697846399,True,11690915,1825804,9,3,0,0.0339,2303c14c97c9552ec515386dcc6a63593f04eb37e8ed94e0b1b952656b3fce55,6984833827e9f67586180fd21ab124ce2f8fa70d7f384eee473bd5a7ee44f34c,b4860bd9e8e3b9ce0c6d74e17b695f610b326a83de443e5570694c7a20b83008
2023-10-21,86400,1697846400,1697932799,True,7983341,933699,8,3,0,0.0336,06c3138791e7d9c0a99d5664ded311a2fb715df3757c8630bc43681947fb1bb5,c659377f6da2436c0f08c7b38f5893f3ebcaf2a5a26fa706d67bf7fbdcbca256,21be6a89935bbf760198c84edae730e8955f315451236abfd9cac678f0d9157f
2023-10-22,86400,1697932800,1698019199,True,7512565,776580,9,3,0,0.0335,bf7ad4f9d25eef7f0322c362e07bf3d391ca8bf0101c1d70b9f7cc4420b1ed53,931b8d60c0980449273d249eec398f7d59e3c7d8030c889a88d909490d076c6c,ab4bd5cfb7727236ffa3cfb2e6a11039b9fe73404366e5602b54cf63ed959dd4
2023-10-23,86400,1698019200,1698105599,True,16873909,3600224,4,2,0,0.0326,f792362dc7995c321c38c76e7e90c7bb42684fea03b1a31d567c4accca9142d6,a42b8c6ff23e24fd1296e01068e671954cb1be4494b3c2b1c97ee53f27fc5d10,5658fbec2645d773f5188b99476acda222bd253c3807ef7cd6666d99102d011b
2023-10-24,86400,1698105600,1698191999,True,17458159,4613028,4,3,0,0.0293,b8f8294812f9f375ac0a0c42019480bc14683c0e108ac73dfd8dd9f29e3a4ebb,70e4dda401654ffa24a4d1afc4857d684a5b84c66b95d666d81a9936f7545fcb,839db2652e093353b59a43cd46f7bccb68786418ccea1c843c23f5956b9ec29a
2023-10-25,86400,1698192000,1698278399,True,14877661,2451418,8,3,0,0.0292,b87b5624512da4cf3076d90546562e7d0887d3063b7e1e6fa9285743f00169b1,8c736e2416c0163f9a60fb83903446d4d6c7bfbc37bc54e35cca502cc57b358d,33d1b6cf278277ed96bdc541f0311e9103c0d9bfb8371ac5f6df4a0f62fb617b
2023-10-26,86400,1698278400,1698364799,True,13379025,1476640,8,3,0,0.0292,59838d4a6f217249af4cc5805232a792fb6ce659a8d81af2502de35480cbd6d8,ef1ca3e62b3cef16dcd9ed322ba88bff9a58390bdb9856af9ee8793b6e7cb3fc,26e4ed8ceae921207f9db1846bfbe5bff0f4a15621d1361dcbb05d493b56cb75
2023-10-27,86400,1698364800,1698451199,True,10965961,1141047,9,3,0,0.0294,7d592b3b61a46b22490b95dc81a4db84460edce8c3ef13175f8439aa420ff79b,3366a793f6c2112ccb477fed31afb73f86aa371ba9763dbf570a9db94439139a,505483a9143ca8a0de0d7e82dbce1b2e6ec542c16457272e1dc86a289f2c59ce
2023-10-28,86400,1698451200,1698537599,True,6602773,636421,6,3,0,0.0293,757f54234045bf41a188f6774742589bf2d457fd9978de58f336c9a2585dab5c,5846a873dfd8272ff77d26a86b281e47a0c20ed2dd68cd6fc9a0b51849199cf3,268d0d5bf364e0c3e762b887332facf1b3ac7c000372539d7e1c1bb937de8c7b
2023-10-29,86400,1698537600,1698623999,True,7729928,788872,9,3,0,0.0292,06bf1157f5e2902d18e2d89ed54851294b0c9e8a1eb8a8e281d553afefe7932f,477fdc05ddf97625def4f9e8b5b1e6663c2ec9b7c78410c81a9f7f7d63b8480e,5f2c79a15e297fed5bcd4a08b419251edd7b79013f7adfe7c298c7f81c00aaba
2023-10-30,86400,1698624000,1698710399,True,10031754,1079739,6,2,0,0.029,ee107feb41b50005280f504a24015ee75f8597f7a8d7d8857bd3757bf9abaa65,f6ddb4fbd52cac43cbc837662eda66cbf4809ebc3d4549c8a5ba29d07a1116ca,f1e02b31b77714ba0c1be038237c9c759a2dae82f78ae054581d724e3bf7df0c
2023-10-31,86400,1698710400,1698796799,True,9422673,1010748,9,3,0,0.0291,22b3213aa2194ed615f9c5f676b5ea129e6d7126a8621baf1cf1ef5690ce1b96,2461fe45e6be8a27dc07e39c0bda0a366d6c0d597ec77659a901bbee2e063a0d,aec506a639298643c69e7268053a161079eda29db1a0931f88e1ed9ad58062c6
