day,bookTicker_sha256,bookTicker_official,aggTrades_sha256,aggTrades_official,status,parquet_sha256,updates,trades
2023-11-01,b941f13c68f41b55bbdf0e29e4746471fe5b1993744455c45e1b728efd698a13,b941f13c68f41b55bbdf0e29e4746471fe5b1993744455c45e1b728efd698a13,6117cd071dfe216a54ab7ea9e2c4ed6b7706994283df58bc68beb5c702622e95,6117cd071dfe216a54ab7ea9e2c4ed6b7706994283df58bc68beb5c702622e95,ok,a5693283ece2ff4824ce28b533c8d35333cb13ef328f11666913903507ad1ad7,11724531,1660947
2023-11-02,8ab1f8f8c5a695a036efde12d473a713200ad8b235de89c8802a4db1f056f502,8ab1f8f8c5a695a036efde12d473a713200ad8b235de89c8802a4db1f056f502,4881621fbcc93e0904b1a9427e258a55afb9c0f696435739a73fd304083d524f,4881621fbcc93e0904b1a9427e258a55afb9c0f696435739a73fd304083d524f,ok,6c0fc8c5f6a70ddfd55060a25974edacaf006de80c6b44a3dc89af30525fdec0,12248266,1414762
2023-11-03,8441a49d8f9e152b7498fec3dcbd1e56e6cd962cf3c6643110a0e3f85b015111,8441a49d8f9e152b7498fec3dcbd1e56e6cd962cf3c6643110a0e3f85b015111,4887a089e5bcd87911a143583ea65cedd4fd1c972986c856b7945c2c2023a333,4887a089e5bcd87911a143583ea65cedd4fd1c972986c856b7945c2c2023a333,ok,f8bb0d8e08a011810b9c0f62ae4aa1e8a46f0335c3b330049cd524f5468a387d,9657714,1092155
2023-11-04,4787a6c24420b8a6e5c6a41c372d4d813f7cae81a2f88b8cd941ab954ea79167,4787a6c24420b8a6e5c6a41c372d4d813f7cae81a2f88b8cd941ab954ea79167,88c41462f21de02362ceef0ed9096b5c9b46a03f98379a2491ecedef87044edb,88c41462f21de02362ceef0ed9096b5c9b46a03f98379a2491ecedef87044edb,ok,694cb1b0f5c14f256239605161cf3c074470bc5fb0b281d9d49dd7ab0ed5d619,5471534,509867
2023-11-05,974358283cb7125cb5ba0a71a6d6825c1f5b0369993590870aa879eda850ed9a,974358283cb7125cb5ba0a71a6d6825c1f5b0369993590870aa879eda850ed9a,06cd7ee80b573a4e22489420610b7d4cfc285d4b4b29411fa2f77df7d63c7a9c,06cd7ee80b573a4e22489420610b7d4cfc285d4b4b29411fa2f77df7d63c7a9c,ok,1d2d5c84097713e35898a081ab02f26824f630d2f833acef4f33fa3b53834656,7510945,806215
2023-11-06,15b9323a1771156798ab33e36c11d22fbe3ba0fb46cc09b93a6c607f65b35f71,15b9323a1771156798ab33e36c11d22fbe3ba0fb46cc09b93a6c607f65b35f71,69fafdb34f11e46aaa273f4a6b995f90c60c3ca6c15bfdf0b609da60f441a476,69fafdb34f11e46aaa273f4a6b995f90c60c3ca6c15bfdf0b609da60f441a476,ok,b7fe311c36001063a13e9632600e744174145ed59f2f20cd0d1e986e72037208,8040031,737640
2023-11-07,a33d4c5953b9da4680f927ef972867b4fd25e80548a1075fa76524d8009c9e1e,a33d4c5953b9da4680f927ef972867b4fd25e80548a1075fa76524d8009c9e1e,dbbc5b4086368119de4b2e2296f5a96a2be5fd7dacbbdf4907b95d967b104430,dbbc5b4086368119de4b2e2296f5a96a2be5fd7dacbbdf4907b95d967b104430,ok,dc127d78caaea257e703e503777529460528d2a1f95a81a4dc2bd1e7eb99f6e9,9701662,1129802
2023-11-08,37c8c39a92fee06b9dab49af2cd46540499ce6283ee61d7d2b7be60495bd8428,37c8c39a92fee06b9dab49af2cd46540499ce6283ee61d7d2b7be60495bd8428,2f9556bcf1ef3eec84dc807b84430628f8bdc685f259f1af88f15568e2ca50c7,2f9556bcf1ef3eec84dc807b84430628f8bdc685f259f1af88f15568e2ca50c7,ok,f2d055819a431fc52afca0ae8e32f9db37fb264be00cc4f907b930cbf49c5236,8799660,1015352
2023-11-09,0848c849506cb2c4e4024ffb712968f55e695efde86309f2051b805c17aed988,0848c849506cb2c4e4024ffb712968f55e695efde86309f2051b805c17aed988,e3db7cbc2ab482d07dfde2cbec5a19dbfe3c6031b026289289e596a9d119cf84,e3db7cbc2ab482d07dfde2cbec5a19dbfe3c6031b026289289e596a9d119cf84,ok,8d026b037f800066895842f4c0cf92f7d9c8f41f58098f68e6bf09041f614572,15397406,2647443
2023-11-10,fa6b3312b7d27eabf5c63d3f32acaf239991b4413b8e73043c1647611fae66dd,fa6b3312b7d27eabf5c63d3f32acaf239991b4413b8e73043c1647611fae66dd,eac0d7949e670fd1a2a3630cb896a4ecf658d23e1fa8660391918ca34df1a54f,eac0d7949e670fd1a2a3630cb896a4ecf658d23e1fa8660391918ca34df1a54f,ok,54c4131ed5b86f52e12e383a15071aef731d2b1885338b7424cec6b8206e6f0e,11564290,1085284
